kC,ԕs,2O
kC,S,2O
kC,s,2O
kC,ʎs,2O
kC,S,2O
kC,݌S,2O
kC,ԑS,2O
kC,ԑs,2O
kC,cS,2O
kC,ΎS,2O
kC,Ύs,2O
kC,JS,2O
kC,S,2O
kC,〈s,2O
kC,LS,2O
kC,̎us,2O
kC,Y͌S,2O
kC,JS,2O
kC,}KS,2O
kC,bs,2O
kC,]ʎs,2O
kC,KS,2[
kC,Ms,2O
kC,эLs,2O
kC,͐S,2O
kC,͓S,2O
kC,ˌS,2O
kC,S,2O
kC,S,2O
kC,TcS,2O
kC,S,2O
kC,S,2O
kC,kLs,2O
kC,ks,2O
kC,HS,2O
kC,Hs,2O
kC,vS,2O
kC,Dys,2O
kC,lS,2O
kC,S,2O
kC,WÌS,2O
kC,mʎs,2O
kC,qS,2O
kC,ϒOS,2O
kC,ΗS,2O
kC,VS,2O
kC,fS,2O
kC,sS,2O
kC,s,2O
kC,IS,2O
kC,@JS,2O
kC,mS,2O
kC,s,2O
kC,ɒBs,2O
kC,Ύs,2O
kC,VS,2O
kC,\S,2O
kC,CS,2O
kC,Ϗqs,2O
kC,ϑOS,2O
kC,S,2O
kC,s,2O
kC,VS,2O
kC,uS,2O
kC,s,2O
kC,tS,2O
kC,oʎs,2O
kC,َs,2O
kC,S,2O
kC,wRS,2O
kC,LS,2O
kC,Ss,2O
kC,[s,2O
kC,CS,2O
kC,xǖs,2O
kC,ÉFS,2O
kC,ÕS,2O
kC,kls,2O
kC,yS,2O
kC,ьS,2O
kC,OS,2O
kC,O}s,2O
kC,s,2O
kC,ڗS,2O
kC,ʌS,2O
kC,ʎs,2O
kC,RzS,2O
kC,[S,2O
kC,[s,2O
kC,ES,2O
kC,]sS,2O
kC,KS,2O
kC,GS,2O
kC,Gs,2O
kC,當S,2O
kC,ts,2O
,,
X,Xs,2O
X,kS,2O
X,kÌyS,2O
X,Ύs,2O
X,܏쌴s,2O
X,OˌS,2O
X,kS,2O
X,s,2O
X,\acs,2O
X,ÌyS,2O
X,ÌyS,2O
X,ˎs,2O
X,ÌyS,2O
X,s,2O
X,OOs,2O
X,Os,2O
X,ÌyS,2O
X,ނs,2O
,,
茧,_S,2O
茧,֎s,2O
茧,S,2O
茧,Bs,2O
茧,Dns,2O
茧,Ύs,2O
茧,ɌS,2O
茧,ks,2O
茧,vs,2O
茧,ˌS,2O
茧,CS,2O
茧,ɌS,2O
茧,gS,2O
茧,s,2O
茧,s,2O
茧,ֈS,2O
茧,ˌS,2O
茧,ˎs,2O
茧,s,2O
茧,Ԋs,2O
茧,{Îs,2O
茧,s,2O
茧,Ocs,2O
茧,aS,2O
,,
{錧,ɋS,2O
{錧,Ίs,2O
{錧,s,2O
{錧,s,2O
{錧,S,2O
{錧,pcs,2O
{錧,cS,2O
{錧,S,2O
{錧,Is,2O
{錧,S,2O
{錧,Cs,2O
{錧,}s,2O
{錧,ēcS,2O
{錧,Ύs,2O
{錧,s,2O
{錧,s,2O
{錧,cS,2O
{錧,yJs,2O
{錧,oĎs,2O
{錧,s,2O
{錧,s,2O
{錧,{S,2O
{錧,{gS,2O
{錧,jS,2O
,,
Hc,Hcs,2O
Hc,َs,2O
Hc,js,2O
Hc,YS,2O
Hc,s,2O
Hc,pS,2O
Hc,ps,2O
Hc,kHcS,2O
Hc,kHcs,2O
Hc,kS,2O
Hc,ks,2O
Hc,s,2O
Hc,ɂَs,2O
Hc,\s,2O
Hc,HcS,2O
Hc,R{S,2O
Hc,s,2O
Hc,R{s,2O
Hc,s,2O
,,
R`,OCS,2O
R`,ԑs,2O
R`,Rs,2O
R`,kRS,2O
R`,cs,2O
R`,͍]s,2O
R`,Vs,2O
R`,߉s,2O
R`,Vs,2O
R`,s,2O
R`,zs,2O
R`,uS,2O
R`,RS,2O
R`,uS,2O
R`,cS,2O
R`,s,2O
R`,RS,2O
R`,Rs,2O
R`,ŏS,2O
R`,R`s,2O
R`,đs,2O
,,
,Îᏼs,2O
,BS,2O
,ΐS,2O
,킫s,2O
,␣S,2O
,S,2O
,͏S,2O
,쑽s,2O
,SRs,2O
,͎s,2O
,{s,2O
,nS,2O
,ns,2O
,cS,2O
,cs,2O
,ɒBS,2O
,ɒBs,2O
,͌S,2O
,{s,2O
,S,2O
,s,2O
,otS,2O
,ÌS,2O
,쑊ns,2O
,{{s,2O
,떃S,2O
,,
錧,Ήs,2O
錧,s,2O
錧,~S,2O
錧,~s,2O
錧,vs,2O
錧,ʎs,2O
錧,}Ԏs,2O
錧,s,2O
錧,݂s,2O
錧,_s,2O
錧,ks,2O
錧,knS,2O
錧,vS,2O
錧,É͎s,2O
錧,s,2O
錧,S,2O
錧,Ȏs,2O
錧,푍s,2O
錧,s,2O
錧,}s,2O
錧,Ύs,2O
錧,΂݂炢s,2O
錧,yYs,2O
錧,s,2O
錧,߉όS,2O
錧,߉ώs,2O
錧,ss,2O
錧,Ⓦs,2O
錧,S,2O
錧,헤cs,2O
錧,헤{s,2O
錧,s,2O
錧,ЂȂs,2O
錧,gcs,2O
錧,ˎs,2O
錧,Js,2O
錧,S,2O
錧,s,2O
錧,Ps,2O
,,
Ȗ،,s,2O
Ȗ،,Fs{s,2O
Ȗ،,cs,2O
Ȗ،,Rs,2O
Ȗ،,s,2O
Ȗ،,͓S,2O
Ȗ،,s,2O
Ȗ،,s,2O
Ȗ،,JS,2O
Ȗ،,sS,2O
Ȗ،,s,2O
Ȗ،,Ȗ؎s,2O
Ȗ،,ߐ{GRs,2O
Ȗ،,ߐ{S,2O
Ȗ،,ߐ{s,2O
Ȗ،,s,2O
Ȗ،,FS,2O
Ȗ،,^s,2O
Ȗ،,s,2O
,,
Qn,ȌS,2O
Qn,s,2O
Qn,ɐs,2O
Qn,WyS,2O
Qn,cs,2O
Qn,ÊyS,2O
Qn,kQnS,2O
Qn,ːs,2O
Qn,gS,2O
Qn,as,2O
Qn,s,2O
Qn,ٗюs,2O
Qn,S,2O
Qn,S,2O
Qn,xs,2O
Qn,cs,2O
Qn,s,2O
Qn,Os,2O
Qn,Os,2O
Qn,݂ǂs,2O
,,
ʌ,s,1[
ʌ,s,1[
ʌ,ԌS,1[
ʌ,Ԏs,1[
ʌ,嗢S,1[
ʌ,s,1[
ʌ,ts,1[
ʌ,{s,1[
ʌ,s,1[
ʌ,zs,1[
ʌ,kS,1[
ʌ,kS,1[
ʌ,k{s,1[
ʌ,scs,1[
ʌ,vs,1[
ʌ,FJs,1[
ʌ,s,1[
ʌ,zJs,1[
ʌ,ʌS,1[
ʌ,܎s,1[
ʌ,ˎs,1[
ʌ,Ks,1[
ʌ,Rs,1[
ʌ,u؎s,1[
ʌ,s,1[
ʌ,s,1[
ʌ,S,1[
ʌ,s,1[
ʌ,߃s,1[
ʌ,s,1[
ʌ,˓cs,1[
ʌ,Vs,1[
ʌ,@cs,1[
ʌ,Hs,1[
ʌ,є\s,1[
ʌ,Rs,1[
ʌ,S,1[
ʌ,s,1[
ʌ,[Js,1[
ʌ,xms,1[
ʌ,ӂݖs,1[
ʌ,{s,1[
ʌ,Os,1[
ʌ,ʌS,1[
ʌ,s,1[
ʌ,gs,1[
ʌ,as,1[
ʌ,ns,1[
,,
t,s,2O
t,䑷qs,1[
t,[S,2O
t,΋S,2O
t,ݎs,2O
t,ss,1[
t,ss,2O
t,󐼎s,1[
t,׌S,1[
t,Ys,1[
t,Ԕs,2O
t,s,1[
t,Ys,2O
t,S,2O
t,s,2O
t,PJs,1[
t,s,2O
t,؍XÎs,2O
t,NÎs,2O
t,qs,2O
t,RS,2O
t,Rs,2O
t,s,1[
t,xs,2O
t,PYs,2O
t,َRs,2O
t,ts,2O
t,qs,2O
t,S,2O
t,s,2O
t,xs,2O
t,Rs,1[
t,Kus,1[
t,cs,2O
t,cs,1[
t,xÎs,2O
t,Ds,1[
t,ˎs,1[
t,[s,2O
t,Όs,2O
t,Xs,2O
t,s,1[
t,lXs,2O
,,
s,c,1
s,,1
s,`,1
s,Vh,1
s,,1
s,䓌,1
s,nc,1
s,],1
s,i,1
s,ڍ,1
s,c,1
s,cJ,1
s,aJ,1
s,,1
s,,1
s,L,1
s,k,1
s,r,1
s,,1
s,n,1
s,,1
s,,1
s,]ː,1
,,
s,,3
s,s,1
s,s,1
s,s,1
s,~s,1
s,哇,2O
s,},7
s,s,1
s,s,1
s,_Ó,2O
s,s,1
s,s,1
s,s,1
s,]s,1
s,s,1
s,s,1
s,zs,1
s,,2O
s,V,2O
s,S,1
s,s,1
s,qs,1
s,䒬,2
s,Hs,1
s,vĎs,1
s,Rs,1
s,as,1
s,s,1
s,{s,1
s,s,1
s,cs,1
s,Os,1
s,O,2O
s,䑠,2O
s,s,1
s,Rs,1
,,
_ސ쌧,bS,1[
_ސ쌧,S,1[
_ސ쌧,S,1[
_ސ쌧,؎s,1[
_ސ쌧,s,1[
_ސ쌧,ɐs,1[
_ސ쌧,CVs,1[
_ސ쌧,cs,1[
_ސ쌧,qs,1[
_ސ쌧,s,1[
_ސ쌧,S,1[
_ސ쌧,͌s,1[
_ސ쌧,Ԏs,1[
_ސ쌧,qs,1[
_ސ쌧,s,1[
_ސ쌧,S,1[
_ސ쌧,`s,1[
_ސ쌧,ˎs,1[
_ސ쌧,s,1[
_ސ쌧,OYS,1[
_ސ쌧,OYs,1[
_ސ쌧,쑫s,1[
_ސ쌧,as,1[
_ސ쌧,{s,1[
_ސ쌧,ls,1[
,,
V,s,2O
V,s,2O
V,DS,2O
V,s,2O
V,Js,2O
V,s,2O
V,Ύs,2O
V,HS,2O
V,kS,2O
V,ܐs,2O
V,ns,2
V,Os,2O
V,OS,2O
V,Vcs,2O
V,zs,2O
V,ٓs,2O
V,s,2O
V,\s,2O
V,S,2O
V,s,2O
V,Vs,2O
V,S,2O
V,S,2O
V,s,2O
V,싛S,2O
V,싛s,2O
V,슗S,2O
V,s,2O
V,s,2O
,,
xR,ːs,1
xR,Îs,1
xR,s,1
xR,s,1
xR,VS,1
xR,s,1
xR,vgs,1
xR,xRs,1[
xR,VS,1
xR,s,1
xR,vs,1
xR,Xs,1
,,
ΐ쌧,s,1
ΐ쌧,S,1
ΐ쌧,s,1[
ΐ쌧,͖kS,1
ΐ쌧,قs,1
ΐ쌧,s,1[
ΐ쌧,Fs,1
ΐ쌧,s,1
ΐ쌧,Xss,1[
ΐ쌧,\S,1
ΐ쌧,\s,1[
ΐ쌧,HS,1
ΐ쌧,Hs,1
ΐ쌧,Rs,1[
ΐ쌧,PS,1
ΐ쌧,֓s,1
,,
䌧,s,1
䌧,S,1
䌧,zOs,1
䌧,ьS,1
䌧,s,1
䌧,ls,1
䌧,Rs,1
䌧,s,1[
䌧,I]s,1
䌧,։s,1
䌧,S,1
䌧,OS,1
䌧,s,1[
䌧,O㒆S,1
䌧,OS,1
䌧,gcS,1[
,,
R,쌴s,1[
R,匎s,1[
R,bs,1[
R,ksS,1[
R,bBs,1[
R,b{s,1[
R,s,1[
R,ss,1[
R,S,1[
R,S,1[
R,Bs,1[
R,Js,1[
R,xmgcs,1[
R,kms,1[
R,AvXs,1[
R,싐S,1[
R,sS,1[
R,Rs,1[
,,
쌧,ܖs,2O
쌧,ѓcs,2O
쌧,юRs,2O
쌧,ɓߎs,2O
쌧,cs,2O
쌧,咬s,2O
쌧,Js,2O
쌧,ɓߌS,2O
쌧,㍂S,2O
쌧,㐅S,2O
쌧,ؑ]S,2O
쌧,k܌S,2O
쌧,kvS,2O
쌧,s,2O
쌧,s,2O
쌧,vs,2O
쌧,Ks,2O
쌧,ɓߌS,2O
쌧,S,2O
쌧,S,2O
쌧,{s,2O
쌧,zKS,2O
쌧,zKs,2O
쌧,S,2O
쌧,Ȏs,2O
쌧,s,2O
쌧,s,2O
쌧,s,2O
쌧,s,2O
쌧,ȌS,2O
쌧,}S,2O
쌧,{s,2O
쌧,썲vS,2O
,,
򕌌,S,1
򕌌,KS,1[
򕌌,bߎs,1
򕌌,_s,1
򕌌,S,1[
򕌌,CÎs,1
򕌌,es,1
򕌌,S,1
򕌌,s,1
򕌌,ΌS,1
򕌌,򕌎s,1
򕌌,Ss,1
򕌌,Cs,1[
򕌌,֎s,1
򕌌,Rs,1
򕌌,s,1
򕌌,ys,1
򕌌,Ðs,1
򕌌,HS,1
򕌌,Hs,1
򕌌,ˎs,1[
򕌌,sjS,1
򕌌,Qs,1
򕌌,s,1[
򕌌,ZΎs,1
򕌌,Zs,1
򕌌,{S,1
򕌌,{s,1
򕌌,Rs,1
򕌌,{VS,1
,,
É,MCs,1[
É,ɓs,1[
É,ɓ̍s,1[
É,ɓs,1[
É,֓cs,1[
É,Os,1
É,|s,1[
É,ΌS,1
É,es,1[
É,ΐs,1[
É,as,1[
É,És,1[
É,cs,1[
É,cs,1
É,qS,1
É,s,1[
É,xS,1[
É,cS,1[
É,Îs,1[
É,YS,1
É,ls,1[
É,܈s,1[
É,}s,1[
É,xms,1[
É,xm{s,1[
É,qVs,1[
É,Os,1[
É,ĒÎs,1[
,,
m,s,1
m,mS,1
m,CS,1
m,܎s,1
m,s,1[
m,{s,1
m,s,1
m,Rs,1
m,qs,1
m,{s,1
m,s,1[
m,s,1
m,ts,1
m,Js,1[
m,Ss,1[
m,k݊yS,1
m,kÉs,1
m,{s,1
m,]s,1
m,qs,1
m,Vs,1[
m,ˎs,1
m,ls,1
m,cs,1[
m,mS,1
m,ms,1
m,ms,1
m,Ós,1
m,Cs,1
m,튊s,1
m,Ls,1
m,Ls,1[
m,Lcs,1
m,Ls,1[
m,vs,1
m,És,1
m,s,1[
m,tS,1
m,is,1
m,OHS,1
m,zcS,1[
m,cs,1
m,ɓs,1[
m,݂悵s,1
m,xs,1
,,
Od,ɉs,1[
Od,ɐs,1[
Od,ٌS,1[
Od,Ȃ׎s,1[
Od,hs,1
Od,TRs,1[
Od,kKS,1
Od,Fs,1
Od,KS,1
Od,Ks,1[
Od,us,1
Od,鎭s,1[
Od,CS,1[
Od,Îs,1[
Od,Hs,1
Od,s,1[
Od,s,1[
Od,OdS,1[
Od,어KS,1
Od,lss,1[
Od,xS,1[
,,
ꌧ,S,1
ꌧ,mS,1
ꌧ,ߍ]s,1
ꌧ,Îs,1
ꌧ,S,1
ꌧ,Îs,1
ꌧ,bs,1
ꌧ,Γs,1
ꌧ,s,1
ꌧ,ls,1
ꌧ,ߍ]s,1
ꌧ,Fs,1
ꌧ,Čs,1
ꌧ,Rs,1
ꌧ,Fs,1
ꌧ,Is,1
,,
s{,s,1
s{,Fs,1
s{,PS,1
s{,Ts,1
s{,ؒÐs,1
s{,cӎs,1
s{,Os,1
s{,ss,1
s{,vS,1
s{,zs,1
s{,yS,1
s{,ԊS,1
s{,s,1
s{,Os,1
s{,mRs,1
s{,DS,1
s{,ߎs,1
s{,{Îs,1
s{,s,1
s{,s,1
s{,^ӌS,1
,,
{,rcs,1
{,Îs,1
{,򍲖s,1
{,as,1
{,؎s,1
{,㋷Rs,1
{,s,1
{,Lˎs,1
{,s,1
{,s,1
{,^s,1
{,͓s,1
{,ݘacs,1
{,s,1
{,ls,1
{,cs,1
{,ےÎs,1
{,S,1
{,s,1
{,kS,1
{,Ύs,1
{,Ύs,1
{,哌s,1
{,Ls,1
{,L\S,1
{,xcюs,1
{,Qs,1
{,Hgs,1
{,s,1
{,s,1
{,s,1
{,䎛s,1
{,s,1
{,OS,1
{,͓S,1
{,ʎs,1
{,s,1
{,s,1
,,
Ɍ,s,1
Ɍ,Ύs,1
Ɍ,ԕS,1
Ɍ,ԕs,1
Ɍ,s,1
Ɍ,s,1
Ɍ,s,1
Ɍ,WHs,1
Ɍ,ɒOs,1
Ɍ,KیS,1
Ɍ,s,1
Ɍ,Ðs,1
Ɍ,ÌS,1
Ɍ,s,1
Ɍ,s,1
Ɍ,쐼s,1
Ɍ,ӌS,1
Ɍ,_S,1
Ɍ,_ˎs,1
Ɍ,Rs,1
Ɍ,pS,1
Ɍ,Ocs,1
Ɍ,s,1
Ɍ,F{s,1
Ɍ,S,1
Ɍ,s,1
Ɍ,ˎs,1
Ɍ,̎s,1
Ɍ,Ogs,1
Ɍ,Ls,1
Ɍ,{s,1
Ɍ,es,1
Ɍ,PHs,1
Ɍ,S,1[
Ɍ,O؎s,1
Ɍ,삠킶s,1
Ɍ,{s,1
,,
ޗǌ,S,1
ޗǌ,s,1
ޗǌ,FɌS,1
ޗǌ,FɎs,1
ޗǌ,s,1
ޗǌ,Ŏs,1
ޗǌ,s,1
ޗǌ,kS,1
ޗǌ,ܞs,1
ޗǌ,䏊s,1
ޗǌ,s,1
ޗǌ,S,1
ޗǌ,sS,1
ޗǌ,Vs,1
ޗǌ,ޗǎs,1
ޗǌ,aSRs,1
ޗǌ,acs,1
ޗǌ,RӌS,1
ޗǌ,gS,1
,,
a̎R,LcS,1
a̎R,Lcs,1
a̎R,ɓsS,1
a̎R,os,1
a̎R,CS,1
a̎R,Cs,1
a̎R,I̐s,1
a̎R,Vs,1
a̎R,V{s,1
a̎R,cӎs,1
a̎R,KS,1
a̎R,{s,1
a̎R,KS,1[
a̎R,S,1
a̎R,a̎Rs,1
,,
挧,S,1
挧,qgs,1
挧,S,1
挧,`s,1
挧,S,1
挧,s,1
挧,S,1
挧,S,1[
挧,Ďqs,1
,,
,ѐΌS,1
,o_s,1
,_s,1
,cs,1
,WqS,1[
,BS,2O
,S,1
,]Îs,1[
,mS,1[
,lcs,1[
,vcs,1[
,]s,1
,s,1
,,
R,pcS,1[
R,Ԕ֎s,1
R,S,1[
R,s,1[
R,䌴s,1
R,Rs,1
R,cS,1
R,S,1[
R,}s,1
R,cS,1[
R,vČS,1[
R,q~s,1
R,˓s,1
R,Ўs,1
R,s,1
R,ʖs,1
R,sES,1
R,ÎRs,1
R,ϓcS,1[
R,Vs,1
R,Os,1
R,^S,1[
R,^s,1
R,s,1
R,aCS,1
,,
L,|S,1O
L,|cs,1O
L,]cs,1O
L,|s,1O
L,s,1
L,s,1O
L,s,1
L,_ΌS,1[
L,S,1[
L,|s,1
L,LcS,1[
L,ss,1O
L,Ls,1O
L,Ls,1O
L,Rs,1
L,{s,1
L,Os,1
L,Os,1
L,RS,1O
,,
R,S,1O
R,⍑s,1O
R,Fs,1O
R,哇S,1O
R,όS,1O
R,s,1O
R,FьS,1O
R,Rzcs,1O
R,֎s,1O
R,s,1O
R,s,1O
R,s,1O
R,s,1O
R,h{s,1O
R,Is,1O
R,s,1O
R,Rs,1O
,,
,s,1
,gs,1
,S,1
,CS,1[
,YS,1
,s,1
,s,1
,߉S,1
,s,1
,nS,1
,ns,1
,S,1
,S,1
,ODS,1[
,ODs,1
,gs,1
,,
쌧,̌S,1
쌧,S,1[
쌧,ωs,1
쌧,ؓcS,1
쌧,os,1
쌧,ʂs,1
쌧,S,1
쌧,Pʎs,1
쌧,s,1
쌧,xS,1
쌧,s,1
쌧,ۋTs,1
쌧,OLs,1
,,
Q,s,1
Q,ɗ\S,1
Q,ɗ\s,1
Q,Fas,1
Q,Fs,1
Q,zqS,1[
Q,㕂S,1
Q,kFaS,1[
Q,쑽S,1
Q,s,1
Q,ls,1
Q,\s,1
Q,s,1
Q,Vls,1
Q,FaS,1[
Q,Rs,1
Q,FaS,1[
Q,ls,1
,,
m,S,1
m,|S,1
m,|s,1
m,s,1
m,s,1
m,ms,1
m,l\s,1
m,hюs,1[
m,{s,1
m,S,1
m,yS,1[
m,ys,1
m,ys,1[
m,S,1
m,썑s,1
m,S,1[
m,ˎs,1
,,
,qS,1O
,qs,1O
,ђˎs,1O
,s,1O
,͎s,1O
,s,1O
,s,1O
,喴cs,1O
,Ss,1O
,S,1O
,ts,1O
,S,1O
,ÕS,1O
,Ös,1O
,kBs,1O
,ƎS,1O
,vĎs,1O
,És,1O
,cS,1O
,cs,1O
,ɕ{s,1O
,}s,1O
,}S,1O
,}s,1O
,zS,1O
,Ԏs,1O
,s,1O
,s,1O
,Îs,1O
,LOs,1O
,OS,1O
,OkS,1O
,sS,1O
,݂܎s,1O
,{s,1O
,@s,1O
,s,1O
,S,1O
,s,1O
,ss,1O
,,
ꌧ,ɖs,1O
ꌧ,s,1O
ꌧ,s,1O
ꌧ,s,1O
ꌧ,Îs,1O
ꌧ,_S,1O
ꌧ,_s,1O
ꌧ,nS,1O
ꌧ,s,1O
ꌧ,vs,1O
ꌧ,Ys,1O
ꌧ,s,1O
ꌧ,YS,1O
ꌧ,YS,1O
ꌧ,ÌS,1O
ꌧ,O{S,1O
,,
茧,s,1O
茧,|s,1O
茧,_s,1O
茧,呺s,1O
茧,kYS,1O
茧,ܓs,1O
茧,Cs,1O
茧,ێs,1O
茧,s,1O
茧,Δns,1O
茧,s,1O
茧,ދnS,1O
茧,ދnS,1O
茧,ˎs,1O
茧,Ys,1O
茧,쓇s,1O
茧,쏼YS,1
,,
F{,Vs,1O
F{,kS,1O
F{,hS,1O
F{,hs,1O
F{,VS,1O
F{,rs,1O
F{,Fs,1O
F{,Fys,1O
F{,Vs,1O
F{,vS,1O
F{,erS,1O
F{,ers,1O
F{,S,1O
F{,F{s,1O
F{,us,1O
F{,vS,1O
F{,ʖS,1O
F{,ʖs,1O
F{,lgs,1O
F{,s,1O
F{,S,1O
F{,s,1O
F{,Rs,1O
,,
啪,Fs,1O
啪,Pns,1O
啪,啪s,1O
啪,nzs,1O
啪,S,1O
啪,s,1O
啪,s,1O
啪,|cs,1O
啪,Ëvs,1O
啪,Îs,1O
啪,S,1O
啪,S,1O
啪,cs,1O
啪,Ls,1O
啪,L㍂cs,1O
啪,ʕ{s,1O
啪,Rzs,1O
,,
{茧,т̎s,1O
{茧,kS,1O
{茧,Ԏs,1O
{茧,юs,1O
{茧,S,1O
{茧,ss,1O
{茧,PnS,1O
{茧,S,1O
{茧,s,1O
{茧,s,1O
{茧,PnS,1O
{茧,S,1O
{茧,s,1O
{茧,ss,1O
{茧,{s,1O
,,
,ǌS,1O
,ǎs,1O
,vs,1O
,s,2O
,ɍs,1O
,oS,1O
,os,1O
,ؖs,1O
,whs,1O
,哇SV钬,2
,哇Sɐ咬,2
,哇SF,2O
,哇SE,4
,哇S˓,2O
,哇S,2O
,哇Sm,2
,哇SV,2
,哇Sa,2O
,哇S^_,2[
,哇Sa,2
,\,5
,O,3
,s,1O
,s,1O
,̑S,1O
,s,1O
,FьSq,1[
,FьSq,1[
,FьSv,1
,FS,1O
,Fs,1O
,uzus,1O
,]S,1O
,]s,1O
,s,1O
,V\s,1
,us,1O
,s,1O
,Bs,1O
,삳܎s,1O
,,
ꌧ,Ί_s,2[
ꌧ,s,2O
ꌧ,YYs,2O
ꌧ,܎s,2O
ꌧ,s,2O
ꌧ,Xps,2O
ꌧ,S,2O
ꌧ,KS,2O
ꌧ,KS,2
ꌧ,KSɐ,2
ꌧ,KSɕ,2
ꌧ,KSk哌,8
ꌧ,KSvē,2O
ꌧ,KSԖ,2
ꌧ,KSnÕ~,2
ꌧ,KSn쑺,2
ꌧ,KS哌,8
ꌧ,Ls,2O
ꌧ,S,2O
ꌧ,s,2O
ꌧ,ߔes,2O
ꌧ,s,2O
ꌧ,{ÌSǊԑ,2[
ꌧ,{Ós,2[
ꌧ,dRS|x,3O
ꌧ,dRS^ߍ,3O
,,
`,V΋`,X
`,`,X
`,V`,
`,c`,
`,Hc`,
`,ۋ`,
`,֐`,
`,ɒO`,
`,L`,
`,`,X
